k,Kmeans,GMM
2,0.07459822962374955,0.07825396331553273
3,0.07189943656291276,0.02285812522293057
4,0.06915320761667619,0.029100916125480228
5,0.04911867965244383,0.02407779815844821
6,0.07791245987246119,0.04529643750550123
7,0.0641534894475059,0.05431021096683659
8,0.06095044356636984,0.07539781732970711
9,0.07465417483644819,0.07008575838830675
10,0.07007191783287615,0.06722813976139384
15,0.08356403923958641,0.06927721545749846
20,0.09444639309245965,0.08943044131871201
