k,Kmeans,GMM
2,0.39596214695944243,0.3927404325065095
3,0.40319547182751175,0.40267447169656023
4,0.3401522281262595,0.2814244665460308
5,0.35708327312401805,0.3240865471291937
6,0.36101321705767075,0.3066136756451563
7,0.3109455560209992,0.29082427103312164
8,0.30406755129992663,0.2561414270130122
9,0.30535855122554495,0.21524770879564983
10,0.271037231545641,0.21672709758613787
15,0.23259286802663734,0.15649267488582844
20,0.21594076245982652,0.1374848053577122
