k,Kmeans,GMM
2,0.4326479753925309,0.4620669388906055
3,0.4821178563324871,0.5091355482068917
4,0.6009779382926372,0.5798514203820072
5,0.6945960241109914,0.6691469831589986
6,0.6651682417366572,0.6318619156412529
7,0.7155107088807824,0.7315465535617642
8,0.7345869566280777,0.7018354675587243
9,0.7248805693565028,0.6722195464855111
10,0.6880014105295922,0.6757112832914647
15,0.6435843025981429,0.6477074584554771
20,0.6100435013822931,0.6275542572365751
