k,Kmeans,GMM
2,0.7323809523809524,0.7393650793650793
3,0.7222222222222222,0.6666666666666666
4,0.7380952380952381,0.6666666666666666
5,0.7463492063492063,0.6784126984126985
6,0.734920634920635,0.6784126984126985
7,0.7663492063492063,0.6949206349206349
8,0.7796825396825396,0.7073015873015873
9,0.7838095238095238,0.7326984126984127
10,0.7450793650793651,0.7682539682539683
15,0.7844444444444445,0.7507936507936508
20,0.7717460317460317,0.7755555555555556
