k,Kmeans,GMM
2,0.16735063362331992,0.20462244898940585
3,0.1412009621135855,0.07179799225298952
4,0.1650624062607511,0.0914615928837529
5,0.14940717685765303,0.06718867506691678
6,0.12686417306517328,0.06794368035599496
7,0.1800375454081155,0.10294643078836135
8,0.14416636446787578,0.10154619044163637
9,0.1618939541865292,0.12703860280428467
10,0.09492464048500723,0.1334161274566024
15,0.11959261962866512,0.11775118706118319
20,0.11603628855718966,0.11012327861769523
