k,Kmeans,GMM
2,0.39834155557888107,0.39897134459955913
3,0.4359189671460061,0.4373884748609216
4,0.5557888107483993,0.5350057730660229
5,0.6676813267555369,0.6337776844757006
6,0.6560302298729925,0.6326230712711242
7,0.7987824078933558,0.8180959378608166
8,0.8677443056576047,0.7946887792589482
9,0.8717329694552325,0.7913299044819986
10,0.8317413666421749,0.8235541093733599
15,0.8675343759840454,0.8424477799937021
20,0.8549385955704839,0.8437073580350583
